<?xml version="1.0" encoding="UTF-8"?>
<project-private xmlns="http://www.netbeans.org/ns/project-private/1">
    <editor-bookmarks xmlns="http://www.netbeans.org/ns/editor-bookmarks/2" lastBookmarkId="0"/>
    <open-files xmlns="http://www.netbeans.org/ns/projectui-open-files/2">
        <group name="login">
            <file>file:/C:/Users/Asus/OneDrive/المستندات/NetBeansProjects/CarShop_Management_System/src/projectfxml/Login.fxml</file>
            <file>file:/C:/Users/Asus/OneDrive/المستندات/NetBeansProjects/CarShop_Management_System/src/projectfxml/TrackVehicleController.java</file>
            <file>file:/C:/Users/Asus/OneDrive/المستندات/NetBeansProjects/CarShop_Management_System/src/projectfxml/ProjectFXML.java</file>
            <file>file:/C:/Users/Asus/OneDrive/المستندات/NetBeansProjects/CarShop_Management_System/src/projectfxml/BuyVehicleController.java</file>
            <file>file:/C:/Users/Asus/OneDrive/المستندات/NetBeansProjects/CarShop_Management_System/src/projectfxml/SearchVehicleController.java</file>
            <file>file:/C:/Users/Asus/OneDrive/المستندات/NetBeansProjects/CarShop_Management_System/src/projectfxml/AdminFileWrite.java</file>
            <file>file:/C:/Users/Asus/OneDrive/المستندات/NetBeansProjects/CarShop_Management_System/src/projectfxml/MainMenuController.java</file>
            <file>file:/C:/Users/Asus/OneDrive/المستندات/NetBeansProjects/CarShop_Management_System/src/projectfxml/Vehicle.java</file>
            <file>file:/C:/Users/Asus/OneDrive/المستندات/NetBeansProjects/CarShop_Management_System/src/projectfxml/FileRead.java</file>
            <file>file:/C:/Users/Asus/OneDrive/المستندات/NetBeansProjects/CarShop_Management_System/src/projectfxml/Admin.java</file>
            <file>file:/C:/Users/Asus/OneDrive/المستندات/NetBeansProjects/CarShop_Management_System/src/projectfxml/AdminFileRead.java</file>
            <file>file:/C:/Users/Asus/OneDrive/المستندات/NetBeansProjects/CarShop_Management_System/src/projectfxml/FileWrite.java</file>
            <file>file:/C:/Users/Asus/OneDrive/المستندات/NetBeansProjects/CarShop_Management_System/src/projectfxml/SellVehicleController.java</file>
        </group>
    </open-files>
</project-private>
